,Unnamed: 0,Clock,PhaseID,PhaseTime,PhaseName,RucksNo,PosGainline,NegGainline,Linebreak,LineBreakPrevPhase,rdNear,rdRuck,rdFar,rdMiddle,rsSlow,rsMedium,rsFast,KickTotal,KickedInfield,KickedtoTouch,turnoverTot,turnoverKick,turnoverContact,fromTurnover,penFK,penContact,Tries,TryTotal,PenTotal
5,5,1.3457126107133328,6,1.2309216993666665,BALL IN PLAY,5.0,0.0,0.0,0.0,,1.0,1.0,1.0,2.0,0.0,0.0,0.0,4.0,4.0,0.0,0.0,0.0,0.0,0.0,0.0,0.0,0.0,0.0,0.0
43,43,3.2737628411466657,44,1.1488934954333336,BALL IN PLAY,11.0,0.0,0.0,1.0,RD - RUCK,7.0,2.0,0.0,2.0,0.0,0.0,0.0,0.0,0.0,0.0,1.0,0.0,1.0,0.0,1.0,1.0,0.0,0.0,0.0
67,67,4.593781544213334,68,0.9246600699499998,BALL IN PLAY,5.0,0.0,0.0,1.0,RD - Middle,1.0,2.0,1.0,1.0,0.0,0.0,0.0,0.0,0.0,0.0,2.0,0.0,1.0,1.0,1.0,1.0,0.0,0.0,0.0
92,92,6.420487248896668,93,0.9146915633666683,BALL IN PLAY,3.0,0.0,0.0,1.0,Kicks Total,1.0,0.0,1.0,1.0,0.0,0.0,0.0,6.0,5.0,0.0,0.0,0.0,0.0,0.0,0.0,0.0,0.0,0.0,0.0
114,114,6.55515537873,115,0.12907237328333387,BALL IN PLAY,0.0,0.0,0.0,0.0,,0.0,0.0,0.0,0.0,0.0,0.0,0.0,1.0,0.0,0.0,0.0,0.0,0.0,0.0,0.0,0.0,0.0,0.0,0.0
126,126,8.770497722996666,127,1.1924637781333338,BALL IN PLAY,11.0,0.0,0.0,1.0,RD - Near,9.0,2.0,0.0,0.0,0.0,0.0,0.0,0.0,0.0,0.0,0.0,0.0,0.0,0.0,0.0,0.0,1.0,0.0,0.0
145,145,9.989850235096664,146,0.7507368441166662,BALL IN PLAY,5.0,0.0,0.0,0.0,,2.0,1.0,0.0,2.0,0.0,0.0,0.0,1.0,1.0,0.0,1.0,0.0,0.0,0.0,0.0,0.0,0.0,0.0,0.0
169,169,11.753811561494992,170,0.3733585259166645,BALL IN PLAY,2.0,0.0,0.0,0.0,,1.0,1.0,0.0,0.0,0.0,0.0,0.0,2.0,2.0,0.0,0.0,0.0,0.0,0.0,0.0,0.0,0.0,0.0,0.0
181,181,11.93383848594499,182,0.11336025778333435,BALL IN PLAY,0.0,0.0,0.0,0.0,,0.0,0.0,0.0,0.0,0.0,0.0,0.0,1.0,0.0,0.0,0.0,0.0,0.0,0.0,0.0,0.0,0.0,0.0,0.0
187,187,12.908527839078332,188,0.7467022027500043,BALL IN PLAY,6.0,0.0,0.0,0.0,,3.0,1.0,1.0,1.0,0.0,0.0,0.0,1.0,0.0,0.0,2.0,1.0,1.0,1.0,0.0,0.0,0.0,0.0,0.0
204,204,14.069878508361663,205,0.942690814349998,BALL IN PLAY,6.0,0.0,0.0,0.0,,5.0,1.0,0.0,0.0,0.0,0.0,0.0,2.0,2.0,0.0,1.0,0.0,0.0,1.0,0.0,0.0,0.0,0.0,0.0
227,227,14.907245517511662,228,0.607097507266662,BALL IN PLAY,4.0,0.0,0.0,0.0,,1.0,0.0,0.0,3.0,0.0,0.0,0.0,2.0,1.0,0.0,0.0,0.0,0.0,0.0,0.0,0.0,0.0,0.0,0.0
241,241,15.433952535294994,242,0.2566922805333327,BALL IN PLAY,2.0,0.0,0.0,0.0,,1.0,1.0,0.0,0.0,0.0,0.0,0.0,1.0,0.0,0.0,0.0,0.0,0.0,0.0,0.0,0.0,0.0,0.0,0.0
247,247,15.987283945728324,248,0.5160269214333333,BALL IN PLAY,4.0,0.0,0.0,0.0,,2.0,1.0,0.0,1.0,0.0,0.0,0.0,0.0,0.0,0.0,1.0,0.0,1.0,0.0,0.0,1.0,0.0,0.0,0.0
259,259,16.702634714611655,260,0.3046925567666676,BALL IN PLAY,2.0,0.0,0.0,0.0,,2.0,0.0,0.0,0.0,0.0,0.0,0.0,0.0,0.0,0.0,0.0,0.0,0.0,0.0,0.0,1.0,0.0,0.0,0.0
269,269,17.60599984697832,270,0.4753582007166664,BALL IN PLAY,2.0,0.0,0.0,0.0,,0.0,0.0,0.0,2.0,0.0,0.0,0.0,0.0,0.0,0.0,0.0,0.0,0.0,0.0,0.0,1.0,0.0,0.0,0.0
281,281,19.35858874381166,282,1.299388022333332,BALL IN PLAY,9.0,0.0,0.0,0.0,,5.0,3.0,1.0,0.0,0.0,0.0,0.0,0.0,0.0,0.0,1.0,0.0,1.0,0.0,1.0,1.0,0.0,0.0,0.0
299,299,20.266609591578323,300,0.5254107117833371,BALL IN PLAY,2.0,0.0,0.0,0.0,,1.0,0.0,0.0,1.0,0.0,0.0,0.0,0.0,0.0,0.0,0.0,0.0,0.0,1.0,0.0,0.0,0.0,0.0,0.0
312,312,21.774214451578327,313,0.44601881761666107,BALL IN PLAY,2.0,0.0,0.0,0.0,,1.0,1.0,0.0,0.0,0.0,0.0,0.0,2.0,1.0,0.0,0.0,0.0,0.0,0.0,0.0,0.0,0.0,0.0,0.0
325,325,23.03157864081166,326,1.0053713354166691,BALL IN PLAY,7.0,0.0,0.0,0.0,,2.0,5.0,0.0,0.0,0.0,0.0,0.0,0.0,0.0,0.0,0.0,0.0,0.0,1.0,0.0,0.0,0.0,0.0,0.0
343,343,25.794774357288322,344,1.7053618188666704,BALL IN PLAY,13.0,0.0,0.0,0.0,,10.0,1.0,0.0,2.0,0.0,0.0,0.0,2.0,1.0,0.0,0.0,0.0,0.0,0.0,0.0,0.0,0.0,0.0,0.0
366,366,26.76879792220499,367,0.7180229347166645,BALL IN PLAY,3.0,0.0,0.0,0.0,,1.0,1.0,0.0,1.0,0.0,0.0,0.0,1.0,1.0,0.0,0.0,0.0,0.0,0.0,1.0,1.0,0.0,0.0,0.0
383,383,28.606810830204978,384,1.5614520304333368,BALL IN PLAY,8.0,0.0,0.0,1.0,RD - Near,4.0,2.0,1.0,1.0,0.0,0.0,0.0,1.0,1.0,0.0,2.0,0.0,0.0,1.0,0.0,0.0,0.0,0.0,0.0
414,414,41.43826461527165,415,0.4386640247166653,BALL IN PLAY,1.0,0.0,0.0,0.0,,1.0,0.0,0.0,0.0,0.0,0.0,0.0,1.0,1.0,0.0,0.0,0.0,0.0,0.0,0.0,0.0,0.0,0.0,0.0
427,427,42.008959581288316,428,0.3536428571333303,BALL IN PLAY,2.0,0.0,0.0,0.0,,0.0,0.0,0.0,2.0,0.0,0.0,0.0,0.0,0.0,0.0,0.0,0.0,0.0,0.0,0.0,1.0,0.0,0.0,0.0
437,437,42.75366889923832,438,0.3022584497166747,BALL IN PLAY,0.0,0.0,0.0,0.0,,0.0,0.0,0.0,0.0,0.0,0.0,0.0,0.0,0.0,0.0,0.0,0.0,0.0,0.0,0.0,0.0,0.0,0.0,0.0
446,446,43.82107495937165,447,0.2760246067000054,BALL IN PLAY,1.0,0.0,0.0,0.0,,0.0,1.0,0.0,0.0,0.0,0.0,0.0,0.0,0.0,0.0,0.0,0.0,0.0,0.0,0.0,0.0,0.0,0.0,0.0
452,452,45.63643004008832,453,1.3869160045500024,BALL IN PLAY,9.0,0.0,0.0,0.0,,6.0,1.0,1.0,1.0,0.0,0.0,0.0,1.0,1.0,0.0,1.0,0.0,0.0,1.0,0.0,1.0,0.0,0.0,0.0
480,480,46.77911478892164,481,0.7191580745166561,BALL IN PLAY,4.0,0.0,0.0,0.0,,1.0,0.0,1.0,2.0,0.0,0.0,0.0,0.0,0.0,0.0,1.0,0.0,0.0,0.0,0.0,0.0,0.0,0.0,0.0
489,489,47.376469311988316,490,0.3387389712833482,BALL IN PLAY,1.0,0.0,0.0,0.0,,0.0,1.0,0.0,0.0,0.0,0.0,0.0,1.0,0.0,0.0,1.0,1.0,0.0,0.0,0.0,0.0,0.0,0.0,0.0
498,498,47.97251050225497,499,0.3722823299499965,BALL IN PLAY,2.0,0.0,0.0,1.0,RD - Middle,0.0,1.0,0.0,1.0,0.0,0.0,0.0,0.0,0.0,0.0,1.0,0.0,0.0,0.0,0.0,0.0,0.0,0.0,0.0
512,512,49.29611274617164,513,0.10070763544999296,BALL IN PLAY,0.0,0.0,0.0,0.0,,0.0,0.0,0.0,0.0,0.0,0.0,0.0,0.0,0.0,0.0,1.0,0.0,0.0,0.0,0.0,0.0,0.0,0.0,0.0
520,520,50.35346720500497,521,0.7731208726166585,BALL IN PLAY,7.0,0.0,0.0,0.0,,4.0,3.0,0.0,0.0,0.0,0.0,0.0,0.0,0.0,0.0,0.0,0.0,0.0,0.0,0.0,0.0,0.0,0.0,0.0
536,536,51.44815557502164,537,0.929243540416664,BALL IN PLAY,4.0,0.0,0.0,1.0,From Kick Reception,3.0,0.0,1.0,0.0,0.0,0.0,0.0,1.0,1.0,0.0,1.0,0.0,0.0,1.0,0.0,0.0,0.0,0.0,0.0
559,559,52.76461884212164,560,0.6711412362500084,BALL IN PLAY,2.0,0.0,0.0,0.0,,2.0,0.0,0.0,0.0,0.0,0.0,0.0,2.0,2.0,0.0,1.0,1.0,0.0,0.0,0.0,1.0,0.0,0.0,0.0
574,574,53.55531935777164,575,0.3895569345999803,BALL IN PLAY,0.0,0.0,0.0,0.0,,0.0,0.0,0.0,0.0,0.0,0.0,0.0,0.0,0.0,0.0,1.0,0.0,1.0,0.0,0.0,0.0,0.0,0.0,0.0
580,580,54.84135173222163,581,1.0375320806166712,BALL IN PLAY,10.0,0.0,0.0,0.0,,6.0,4.0,0.0,0.0,0.0,0.0,0.0,0.0,0.0,0.0,0.0,0.0,0.0,0.0,1.0,1.0,0.0,0.0,0.0
599,599,55.872042001854965,600,0.8310851265833179,BALL IN PLAY,5.0,0.0,0.0,0.0,,1.0,3.0,0.0,1.0,0.0,0.0,0.0,2.0,2.0,0.0,0.0,0.0,0.0,0.0,0.0,0.0,0.0,0.0,0.0
622,622,56.10085751774661,623,0.18164039968331736,BALL IN PLAY,0.0,0.0,0.0,0.0,,0.0,0.0,0.0,0.0,0.0,0.0,0.0,1.0,0.0,0.0,0.0,0.0,0.0,0.0,0.0,0.0,0.0,0.0,0.0
628,628,56.835547441363275,629,0.4913519009833465,BALL IN PLAY,2.0,0.0,0.0,0.0,,1.0,1.0,0.0,0.0,0.0,0.0,0.0,1.0,1.0,0.0,1.0,0.0,0.0,0.0,0.0,0.0,0.0,0.0,0.0
643,643,58.02691000807996,644,0.9132497457,BALL IN PLAY,5.0,0.0,0.0,1.0,RD - Near,4.0,0.0,1.0,0.0,0.0,0.0,0.0,2.0,2.0,0.0,0.0,0.0,0.0,0.0,0.0,0.0,1.0,0.0,0.0
662,662,58.58961449612996,663,0.10272423659999674,BALL IN PLAY,0.0,0.0,0.0,0.0,,0.0,0.0,0.0,0.0,0.0,0.0,0.0,0.0,0.0,0.0,1.0,0.0,0.0,0.0,0.0,0.0,0.0,0.0,0.0
668,668,59.45365902347996,669,0.6269941524999894,BALL IN PLAY,2.0,0.0,0.0,0.0,,2.0,0.0,0.0,0.0,0.0,0.0,0.0,0.0,0.0,0.0,0.0,0.0,0.0,0.0,1.0,1.0,0.0,0.0,0.0
679,679,60.40530837657993,680,0.3867041759666563,BALL IN PLAY,1.0,0.0,0.0,0.0,,1.0,0.0,0.0,0.0,0.0,0.0,0.0,1.0,0.0,0.0,0.0,0.0,0.0,0.0,0.0,0.0,0.0,0.0,0.0
687,687,62.173331757129965,688,1.5320306821500225,BALL IN PLAY,6.0,0.0,0.0,0.0,,5.0,0.0,0.0,1.0,0.0,0.0,0.0,4.0,4.0,0.0,2.0,0.0,0.0,1.0,0.0,0.0,0.0,0.0,0.0
721,721,63.794867661379975,722,0.8749399768500012,BALL IN PLAY,6.0,0.0,0.0,0.0,,4.0,0.0,0.0,2.0,0.0,0.0,0.0,1.0,1.0,0.0,2.0,0.0,1.0,1.0,0.0,0.0,0.0,0.0,0.0
742,742,64.62159399179663,743,0.233405935416684,BALL IN PLAY,1.0,0.0,0.0,0.0,,0.0,0.0,0.0,1.0,0.0,0.0,0.0,1.0,0.0,0.0,0.0,0.0,0.0,0.0,0.0,0.0,0.0,0.0,0.0
749,749,68.6342881222633,750,3.7403627473333216,BALL IN PLAY,27.0,0.0,0.0,1.0,From Kick Reception,21.0,2.0,2.0,2.0,0.0,0.0,0.0,3.0,3.0,0.0,1.0,0.0,1.0,1.0,0.0,1.0,0.0,0.0,0.0
802,802,70.16361996082998,803,1.4907126879666637,BALL IN PLAY,12.0,0.0,0.0,0.0,,6.0,4.0,0.0,2.0,0.0,0.0,0.0,0.0,0.0,0.0,1.0,0.0,0.0,0.0,0.0,0.0,0.0,0.0,0.0
823,823,0.2519322275666667,6,0.1560212273833333,BALL IN PLAY,0.0,0.0,0.0,0.0,,0.0,0.0,0.0,0.0,0.0,0.0,0.0,1.0,0.0,0.0,0.0,0.0,0.0,0.0,0.0,0.0,0.0,0.0,0.0
829,829,1.3711820201499998,12,0.9214896304,BALL IN PLAY,5.0,0.0,0.0,0.0,,4.0,0.0,1.0,0.0,0.0,0.0,0.0,2.0,2.0,0.0,2.0,0.0,1.0,1.0,0.0,0.0,0.0,0.0,0.0
856,856,2.68808672425,39,0.4746926895333332,BALL IN PLAY,5.0,0.0,0.0,0.0,,3.0,2.0,0.0,0.0,0.0,0.0,0.0,0.0,0.0,0.0,0.0,0.0,0.0,0.0,0.0,0.0,1.0,0.0,0.0
868,868,4.828842783266667,51,1.6787208355833334,BALL IN PLAY,12.0,0.0,0.0,0.0,,9.0,2.0,0.0,1.0,0.0,0.0,0.0,1.0,1.0,0.0,0.0,0.0,0.0,0.0,1.0,1.0,0.0,0.0,0.0
895,895,6.358957122028332,78,1.2003046545333351,BALL IN PLAY,5.0,0.0,0.0,0.0,,3.0,2.0,0.0,0.0,0.0,0.0,0.0,4.0,4.0,0.0,0.0,0.0,0.0,0.0,1.0,0.0,0.0,0.0,0.0
926,926,7.000329543011664,109,0.2494309290833332,BALL IN PLAY,1.0,0.0,0.0,0.0,,1.0,0.0,0.0,0.0,0.0,0.0,0.0,0.0,0.0,0.0,0.0,0.0,0.0,1.0,0.0,0.0,0.0,0.0,0.0
935,935,8.623623545545001,118,0.7600453305333339,BALL IN PLAY,4.0,0.0,0.0,0.0,,2.0,1.0,0.0,1.0,0.0,0.0,0.0,4.0,3.0,0.0,1.0,1.0,0.0,0.0,0.0,0.0,0.0,0.0,0.0
958,958,9.830981835961666,141,0.9827364719999993,BALL IN PLAY,5.0,0.0,0.0,0.0,,2.0,2.0,1.0,0.0,0.0,0.0,0.0,1.0,1.0,0.0,1.0,0.0,0.0,1.0,0.0,0.0,0.0,0.0,0.0
978,978,10.971664861995,161,1.0210527448333335,BALL IN PLAY,7.0,0.0,0.0,0.0,,5.0,0.0,1.0,1.0,0.0,0.0,0.0,0.0,0.0,0.0,1.0,0.0,1.0,0.0,0.0,1.0,0.0,0.0,0.0
995,995,11.423969250778336,178,0.0906979700333359,BALL IN PLAY,0.0,0.0,0.0,0.0,,0.0,0.0,0.0,0.0,0.0,0.0,0.0,0.0,0.0,0.0,1.0,0.0,0.0,0.0,0.0,0.0,0.0,0.0,0.0
1002,1002,13.280024175795006,185,1.2580350672333331,BALL IN PLAY,7.0,0.0,0.0,1.0,RD - Middle,3.0,0.0,2.0,2.0,0.0,0.0,0.0,0.0,0.0,0.0,4.0,0.0,0.0,3.0,0.0,0.0,0.0,0.0,0.0
1027,1027,14.618720766645,210,1.0652446178666644,BALL IN PLAY,4.0,0.0,0.0,1.0,RD - Far,3.0,0.0,1.0,0.0,0.0,0.0,0.0,3.0,3.0,0.0,1.0,0.0,0.0,1.0,0.0,0.0,0.0,0.0,0.0
1052,1052,16.04226022776167,235,1.1646112509499993,BALL IN PLAY,10.0,0.0,0.0,0.0,,5.0,1.0,2.0,2.0,0.0,0.0,0.0,0.0,0.0,0.0,0.0,0.0,0.0,0.0,0.0,0.0,0.0,0.0,0.0
1068,1068,16.509616212178337,251,0.15735965668333307,BALL IN PLAY,0.0,0.0,0.0,0.0,,0.0,0.0,0.0,0.0,0.0,0.0,0.0,0.0,0.0,0.0,0.0,0.0,0.0,0.0,0.0,0.0,1.0,0.0,0.0
1076,1076,17.562936566195,259,0.410692496833331,BALL IN PLAY,2.0,0.0,0.0,0.0,,2.0,0.0,0.0,0.0,0.0,0.0,0.0,0.0,0.0,0.0,1.0,0.0,1.0,1.0,0.0,1.0,0.0,0.0,0.0
1087,1087,19.318945880911667,270,1.385358427850008,BALL IN PLAY,6.0,0.0,0.0,0.0,,3.0,2.0,0.0,1.0,0.0,0.0,0.0,5.0,5.0,0.0,1.0,0.0,0.0,0.0,0.0,0.0,0.0,0.0,0.0
1122,1122,20.277653516461672,305,0.3503450076166743,BALL IN PLAY,2.0,0.0,0.0,0.0,,2.0,0.0,0.0,0.0,0.0,0.0,0.0,0.0,0.0,0.0,1.0,0.0,1.0,0.0,0.0,1.0,0.0,0.0,0.0
1133,1133,21.854160459028343,316,1.1600397126166655,BALL IN PLAY,9.0,0.0,0.0,0.0,,4.0,2.0,2.0,1.0,0.0,0.0,0.0,1.0,1.0,0.0,0.0,0.0,0.0,0.0,0.0,0.0,0.0,0.0,0.0
1152,1152,22.052183545211673,335,0.13135641951666344,BALL IN PLAY,0.0,0.0,0.0,0.0,,0.0,0.0,0.0,0.0,0.0,0.0,0.0,1.0,0.0,0.0,0.0,0.0,0.0,0.0,0.0,0.0,0.0,0.0,0.0
1158,1158,22.906851188911677,341,0.8493568815500012,BALL IN PLAY,2.0,0.0,0.0,0.0,,1.0,0.0,1.0,0.0,0.0,0.0,0.0,6.0,5.0,0.0,0.0,0.0,0.0,0.0,0.0,0.0,0.0,0.0,0.0
1184,1184,23.44553905057835,367,0.3300301234500012,BALL IN PLAY,1.0,0.0,0.0,1.0,From Lineout Short,1.0,0.0,0.0,0.0,0.0,0.0,0.0,0.0,0.0,0.0,0.0,0.0,0.0,0.0,0.0,0.0,1.0,0.0,0.0
1194,1194,23.871184896911675,377,0.1916691310333292,BALL IN PLAY,0.0,0.0,0.0,0.0,,0.0,0.0,0.0,0.0,0.0,0.0,0.0,1.0,0.0,0.0,0.0,0.0,0.0,0.0,0.0,0.0,0.0,0.0,0.0
1201,1201,24.771875571978327,384,0.6610331104499991,BALL IN PLAY,4.0,0.0,0.0,1.0,From Lineout Short,3.0,1.0,0.0,0.0,0.0,0.0,0.0,1.0,1.0,0.0,1.0,0.0,0.0,0.0,0.0,0.0,0.0,0.0,0.0
1213,1213,25.83049897672833,396,0.8514226103166607,BALL IN PLAY,4.0,0.0,0.0,0.0,,0.0,1.0,2.0,1.0,0.0,0.0,0.0,1.0,1.0,0.0,0.0,0.0,0.0,0.0,1.0,1.0,0.0,0.0,0.0
1236,1236,42.18308529592166,419,0.5800582341499947,BALL IN PLAY,1.0,0.0,0.0,0.0,,1.0,0.0,0.0,0.0,0.0,0.0,0.0,4.0,3.0,0.0,0.0,0.0,0.0,0.0,0.0,0.0,0.0,0.0,0.0
1257,1257,43.452539435804994,440,0.5706905285833415,BALL IN PLAY,2.0,0.0,0.0,0.0,,1.0,1.0,0.0,0.0,0.0,0.0,0.0,3.0,3.0,0.0,0.0,0.0,0.0,1.0,0.0,0.0,0.0,0.0,0.0
1278,1278,43.65256755552166,461,0.1333614530499858,BALL IN PLAY,0.0,0.0,0.0,0.0,,0.0,0.0,0.0,0.0,0.0,0.0,0.0,1.0,0.0,0.0,0.0,0.0,0.0,0.0,0.0,0.0,0.0,0.0,0.0
1288,1288,45.775284118155,471,1.4670883456166737,BALL IN PLAY,8.0,0.0,0.0,0.0,,5.0,3.0,0.0,0.0,0.0,0.0,0.0,0.0,0.0,0.0,0.0,0.0,0.0,0.0,0.0,0.0,1.0,0.0,0.0
1307,1307,46.44200473100497,490,0.3534595919333299,BALL IN PLAY,1.0,0.0,0.0,0.0,,0.0,1.0,0.0,0.0,0.0,0.0,0.0,1.0,1.0,0.0,0.0,0.0,0.0,0.0,0.0,0.0,0.0,0.0,0.0
1321,1321,47.888353743949956,504,0.34285710353333343,BALL IN PLAY,0.0,0.0,0.0,0.0,,0.0,0.0,0.0,0.0,0.0,0.0,0.0,0.0,0.0,0.0,1.0,0.0,1.0,0.0,0.0,0.0,0.0,0.0,0.0
1327,1327,48.457050690416615,510,0.3267796909499907,BALL IN PLAY,2.0,0.0,0.0,0.0,,0.0,2.0,0.0,0.0,0.0,0.0,0.0,1.0,1.0,0.0,1.0,1.0,0.0,0.0,1.0,0.0,1.0,0.0,0.0
1345,1345,49.378585896233304,528,0.16554420183332752,BALL IN PLAY,1.0,0.0,0.0,0.0,,1.0,0.0,0.0,0.0,0.0,0.0,0.0,1.0,0.0,0.0,1.0,1.0,0.0,0.0,0.0,0.0,0.0,0.0,0.0
1351,1351,50.33727463288329,534,0.7441142814499813,BALL IN PLAY,1.0,0.0,0.0,0.0,,1.0,0.0,0.0,0.0,0.0,0.0,0.0,1.0,1.0,0.0,0.0,0.0,0.0,0.0,0.0,0.0,0.0,0.0,0.0
1362,1362,51.45402407831664,545,0.9333578252166604,BALL IN PLAY,1.0,0.0,0.0,0.0,,1.0,0.0,0.0,0.0,0.0,0.0,0.0,4.0,4.0,0.0,1.0,0.0,0.0,0.0,1.0,1.0,0.0,0.0,0.0
1385,1385,52.15351626431661,568,0.41820516379999617,BALL IN PLAY,2.0,0.0,0.0,0.0,,0.0,2.0,0.0,0.0,0.0,0.0,0.0,1.0,0.0,0.0,0.0,0.0,0.0,0.0,0.0,0.0,0.0,0.0,0.0
1394,1394,52.722878822299954,577,0.3213648356500016,BALL IN PLAY,1.0,0.0,0.0,0.0,,0.0,1.0,0.0,0.0,0.0,0.0,0.0,1.0,0.0,0.0,0.0,0.0,0.0,0.0,0.0,0.0,0.0,0.0,0.0
1400,1400,53.20689769584993,583,0.2680247880666684,BALL IN PLAY,1.0,0.0,0.0,0.0,,1.0,0.0,0.0,0.0,0.0,0.0,0.0,0.0,0.0,0.0,1.0,0.0,0.0,0.0,0.0,0.0,0.0,0.0,0.0
1414,1414,55.61707380316659,597,0.2266086320166636,BALL IN PLAY,1.0,0.0,0.0,0.0,,0.0,0.0,0.0,1.0,0.0,0.0,0.0,1.0,1.0,0.0,0.0,0.0,0.0,0.0,0.0,0.0,0.0,0.0,0.0
1423,1423,56.18137334693327,606,0.3627866105500033,BALL IN PLAY,1.0,0.0,0.0,1.0,RD - RUCK,0.0,1.0,0.0,0.0,0.0,0.0,0.0,0.0,0.0,0.0,1.0,0.0,1.0,0.0,1.0,1.0,0.0,0.0,0.0
1433,1433,57.34939589708328,616,0.8020630272833245,BALL IN PLAY,3.0,0.0,0.0,0.0,,2.0,0.0,0.0,1.0,0.0,0.0,0.0,0.0,0.0,0.0,0.0,0.0,0.0,0.0,1.0,0.0,0.0,0.0,0.0
1450,1450,57.682376070183274,633,0.11818107818334055,BALL IN PLAY,0.0,0.0,0.0,0.0,,0.0,0.0,0.0,0.0,0.0,0.0,0.0,1.0,0.0,0.0,0.0,0.0,0.0,0.0,0.0,0.0,0.0,0.0,0.0
1456,1456,58.72639705834993,639,0.8413690837333263,BALL IN PLAY,8.0,0.0,0.0,0.0,,3.0,4.0,0.0,1.0,0.0,0.0,0.0,0.0,0.0,0.0,0.0,0.0,0.0,0.0,0.0,1.0,0.0,0.0,0.0
1473,1473,59.56228649854996,656,0.4273745453333362,BALL IN PLAY,0.0,0.0,0.0,0.0,,0.0,0.0,0.0,0.0,0.0,0.0,0.0,0.0,0.0,0.0,0.0,0.0,0.0,0.0,0.0,0.0,0.0,0.0,0.0
1497,1497,62.84871001490001,680,0.09070551783334224,BALL IN PLAY,0.0,0.0,0.0,0.0,,0.0,0.0,0.0,0.0,0.0,0.0,0.0,0.0,0.0,0.0,0.0,0.0,0.0,0.0,0.0,0.0,1.0,0.0,0.0
1504,1504,64.94139708491666,687,1.7814563695166612,BALL IN PLAY,12.0,0.0,0.0,0.0,,11.0,0.0,0.0,1.0,0.0,0.0,0.0,1.0,1.0,0.0,1.0,0.0,1.0,0.0,0.0,1.0,0.0,0.0,0.0
1530,1530,65.69510584425502,713,0.34402829950001035,BALL IN PLAY,0.0,0.0,0.0,0.0,,0.0,0.0,0.0,0.0,0.0,0.0,0.0,0.0,0.0,0.0,0.0,0.0,0.0,0.0,0.0,0.0,0.0,0.0,0.0
1539,1539,67.6564067204217,722,1.5080473257333296,BALL IN PLAY,12.0,0.0,0.0,0.0,,10.0,1.0,1.0,0.0,0.0,0.0,0.0,0.0,0.0,0.0,1.0,0.0,1.0,0.0,1.0,1.0,0.0,0.0,0.0
1561,1561,0.8022143270383334,5,0.6872184299166667,BALL IN PLAY,3.0,0.0,0.0,0.0,,3.0,0.0,0.0,0.0,0.0,0.0,0.0,3.0,2.0,0.0,0.0,0.0,0.0,0.0,0.0,0.0,0.0,0.0,0.0
1583,1583,1.284903380171667,27,0.2760379523000001,BALL IN PLAY,1.0,0.0,0.0,0.0,,0.0,0.0,0.0,1.0,0.0,0.0,0.0,0.0,0.0,0.0,1.0,0.0,1.0,0.0,1.0,1.0,0.0,0.0,0.0
1591,1591,1.9394652918883333,35,0.3574081202833329,BALL IN PLAY,0.0,0.0,0.0,1.0,From Kick Reception,0.0,0.0,0.0,0.0,0.0,0.0,0.0,1.0,1.0,0.0,1.0,1.0,0.0,0.0,0.0,0.0,1.0,0.0,0.0
1606,1606,2.6064269653883327,50,0.3853576870999991,BALL IN PLAY,1.0,0.0,0.0,1.0,From Kick Reception,0.0,1.0,0.0,0.0,0.0,0.0,0.0,1.0,1.0,0.0,0.0,0.0,0.0,0.0,0.0,0.0,1.0,0.0,0.0
1622,1622,3.577153674221667,66,0.6780344696833334,BALL IN PLAY,3.0,0.0,0.0,1.0,RD - Far,1.0,1.0,1.0,0.0,0.0,0.0,0.0,1.0,1.0,0.0,1.0,0.0,0.0,0.0,0.0,0.0,0.0,0.0,0.0
1642,1642,4.035851404688335,86,0.21789923526666755,BALL IN PLAY,2.0,0.0,0.0,0.0,,2.0,0.0,0.0,0.0,0.0,0.0,0.0,1.0,0.0,0.0,0.0,0.0,0.0,0.0,0.0,0.0,0.0,0.0,0.0
1649,1649,4.609185007105,93,0.5640271766833339,BALL IN PLAY,5.0,0.0,0.0,0.0,,1.0,1.0,1.0,2.0,0.0,0.0,0.0,0.0,0.0,0.0,0.0,0.0,0.0,0.0,0.0,0.0,0.0,0.0,0.0
1662,1662,5.287212085938333,106,0.22937023274999999,BALL IN PLAY,0.0,0.0,0.0,0.0,,0.0,0.0,0.0,0.0,0.0,0.0,0.0,0.0,0.0,0.0,0.0,0.0,0.0,0.0,0.0,0.0,1.0,0.0,0.0
1670,1670,6.110144685638331,114,0.42684183979999796,BALL IN PLAY,1.0,0.0,0.0,0.0,,0.0,1.0,0.0,0.0,0.0,0.0,0.0,1.0,1.0,0.0,0.0,0.0,0.0,0.0,0.0,0.0,0.0,0.0,0.0
1682,1682,6.8035172724383335,126,0.2640172777166683,BALL IN PLAY,1.0,0.0,0.0,0.0,,1.0,0.0,0.0,0.0,0.0,0.0,0.0,2.0,2.0,0.0,0.0,0.0,0.0,1.0,0.0,0.0,0.0,0.0,0.0
1695,1695,6.988877540688335,139,0.11869360158333465,BALL IN PLAY,0.0,0.0,0.0,0.0,,0.0,0.0,0.0,0.0,0.0,0.0,0.0,1.0,0.0,0.0,0.0,0.0,0.0,0.0,0.0,0.0,0.0,0.0,0.0
1702,1702,7.818163179254999,146,0.6489430231833335,BALL IN PLAY,3.0,0.0,0.0,1.0,RD - Far,1.0,0.0,1.0,1.0,0.0,0.0,0.0,1.0,0.0,0.0,1.0,0.0,0.0,1.0,0.0,0.0,0.0,0.0,0.0
1721,1721,8.345257703371665,165,0.16973288426666674,BALL IN PLAY,0.0,0.0,0.0,0.0,,0.0,0.0,0.0,0.0,0.0,0.0,0.0,0.0,0.0,0.0,0.0,0.0,0.0,0.0,0.0,0.0,0.0,0.0,0.0
1733,1733,10.014114472388329,177,0.4933688137166641,BALL IN PLAY,3.0,0.0,0.0,0.0,,1.0,2.0,0.0,0.0,0.0,0.0,0.0,0.0,0.0,0.0,0.0,0.0,0.0,0.0,0.0,0.0,1.0,0.0,0.0
1744,1744,10.904787287471663,188,0.5831707992166669,BALL IN PLAY,2.0,0.0,0.0,0.0,,0.0,1.0,1.0,0.0,0.0,0.0,0.0,1.0,1.0,0.0,1.0,0.0,1.0,0.0,0.0,1.0,0.0,0.0,0.0
1763,1763,11.653588269916662,207,0.2930905551499983,BALL IN PLAY,0.0,0.0,0.0,0.0,,0.0,0.0,0.0,0.0,0.0,0.0,0.0,0.0,0.0,0.0,0.0,0.0,0.0,0.0,0.0,0.0,0.0,0.0,0.0
1771,1771,12.526353809449995,215,0.4320305367999957,BALL IN PLAY,2.0,0.0,0.0,0.0,,1.0,1.0,0.0,0.0,0.0,0.0,0.0,0.0,0.0,0.0,1.0,0.0,1.0,0.0,1.0,1.0,0.0,0.0,0.0
1784,1784,13.918408017766659,228,0.41373569389999787,BALL IN PLAY,2.0,0.0,0.0,0.0,,1.0,0.0,0.0,1.0,0.0,0.0,0.0,0.0,0.0,0.0,0.0,0.0,0.0,0.0,0.0,0.0,0.0,0.0,0.0
1796,1796,14.270405618583323,240,0.32669240956666457,BALL IN PLAY,3.0,0.0,0.0,0.0,,2.0,1.0,0.0,0.0,0.0,0.0,0.0,0.0,0.0,0.0,0.0,0.0,0.0,0.0,0.0,0.0,1.0,0.0,0.0
1807,1807,15.331092679333324,251,0.5906891264666639,BALL IN PLAY,3.0,0.0,0.0,0.0,,1.0,0.0,1.0,1.0,0.0,0.0,0.0,1.0,1.0,0.0,2.0,1.0,0.0,0.0,0.0,0.0,0.0,0.0,0.0
1824,1824,16.545248824466658,268,0.9612398276000036,BALL IN PLAY,9.0,0.0,0.0,0.0,,9.0,0.0,0.0,0.0,0.0,0.0,0.0,0.0,0.0,0.0,0.0,0.0,0.0,0.0,1.0,0.0,0.0,0.0,0.0
1841,1841,16.816580285116654,285,0.2651664420166675,BALL IN PLAY,1.0,0.0,0.0,0.0,,1.0,0.0,0.0,0.0,0.0,0.0,0.0,0.0,0.0,0.0,0.0,0.0,0.0,0.0,1.0,0.0,0.0,0.0,0.0
1849,1849,17.475287634949982,293,0.3789704643333316,BALL IN PLAY,0.0,0.0,0.0,0.0,,0.0,0.0,0.0,0.0,0.0,0.0,0.0,1.0,1.0,0.0,0.0,0.0,0.0,0.0,1.0,0.0,0.0,0.0,0.0
1859,1859,17.861987999799982,303,0.13470150706666573,BALL IN PLAY,0.0,0.0,0.0,0.0,,0.0,0.0,0.0,0.0,0.0,0.0,0.0,0.0,0.0,0.0,1.0,0.0,0.0,0.0,0.0,0.0,0.0,0.0,0.0
1865,1865,19.151537782349976,309,0.8124274909833318,BALL IN PLAY,8.0,0.0,0.0,0.0,,4.0,4.0,0.0,0.0,0.0,0.0,0.0,0.0,0.0,0.0,2.0,0.0,1.0,1.0,0.0,0.0,0.0,0.0,0.0
1883,1883,20.02693181649997,327,0.22070430346666825,BALL IN PLAY,2.0,0.0,0.0,0.0,,1.0,1.0,0.0,0.0,0.0,0.0,0.0,1.0,0.0,0.0,0.0,0.0,0.0,0.0,0.0,0.0,0.0,0.0,0.0
1890,1890,20.80163490581664,334,0.5680343614833347,BALL IN PLAY,4.0,0.0,0.0,0.0,,3.0,1.0,0.0,0.0,0.0,0.0,0.0,1.0,0.0,0.0,1.0,0.0,0.0,1.0,0.0,0.0,0.0,0.0,0.0
1903,1903,21.866333631149978,347,0.7929803323333359,BALL IN PLAY,5.0,0.0,0.0,0.0,,3.0,0.0,1.0,1.0,0.0,0.0,0.0,2.0,2.0,0.0,2.0,1.0,0.0,0.0,0.0,0.0,0.0,0.0,0.0
1925,1925,23.72705254136665,369,1.1774373123333248,BALL IN PLAY,6.0,0.0,0.0,0.0,,4.0,0.0,1.0,1.0,0.0,0.0,0.0,0.0,0.0,0.0,3.0,1.0,1.0,3.0,0.0,0.0,0.0,0.0,0.0
1951,1951,24.47791826466665,395,0.17010949023333666,BALL IN PLAY,1.0,0.0,0.0,0.0,,1.0,0.0,0.0,0.0,0.0,0.0,0.0,1.0,1.0,0.0,0.0,0.0,0.0,0.0,0.0,0.0,0.0,0.0,0.0
1958,1958,25.259935274599968,402,0.2806025423666654,BALL IN PLAY,0.0,0.0,0.0,0.0,,0.0,0.0,0.0,0.0,0.0,0.0,0.0,0.0,0.0,0.0,0.0,0.0,0.0,0.0,0.0,0.0,1.0,0.0,0.0
1969,1969,38.010738304416655,413,0.3130588565666628,BALL IN PLAY,1.0,0.0,0.0,0.0,,0.0,0.0,0.0,1.0,0.0,0.0,0.0,0.0,0.0,0.0,1.0,0.0,1.0,0.0,1.0,1.0,0.0,0.0,0.0
1977,1977,38.66277347611665,421,0.2308948356833298,BALL IN PLAY,1.0,0.0,0.0,0.0,,1.0,0.0,0.0,0.0,0.0,0.0,0.0,1.0,0.0,0.0,0.0,0.0,0.0,1.0,0.0,0.0,0.0,0.0,0.0
1985,1985,39.276125124699995,429,0.30805080153333364,BALL IN PLAY,1.0,0.0,0.0,1.0,From Turnover,0.0,0.0,1.0,0.0,0.0,0.0,0.0,0.0,0.0,0.0,0.0,0.0,0.0,1.0,0.0,0.0,1.0,0.0,0.0
1996,1996,40.21507589488333,440,0.6178091117999998,BALL IN PLAY,3.0,0.0,0.0,0.0,,2.0,1.0,0.0,0.0,0.0,0.0,0.0,2.0,2.0,0.0,0.0,0.0,0.0,0.0,1.0,0.0,0.0,0.0,0.0
2016,2016,40.57439611755,460,0.2720260244500068,BALL IN PLAY,0.0,0.0,0.0,0.0,,0.0,0.0,0.0,0.0,0.0,0.0,0.0,1.0,1.0,0.0,1.0,0.0,0.0,0.0,1.0,0.0,0.0,0.0,0.0
2027,2027,42.475086602566684,471,1.4426884817333416,BALL IN PLAY,9.0,0.0,0.0,0.0,,6.0,1.0,1.0,1.0,0.0,0.0,0.0,3.0,2.0,0.0,1.0,0.0,0.0,1.0,0.0,0.0,0.0,0.0,0.0
2059,2059,43.004216559333344,503,0.17872155343333418,BALL IN PLAY,1.0,0.0,0.0,0.0,,1.0,0.0,0.0,0.0,0.0,0.0,0.0,0.0,0.0,0.0,1.0,0.0,1.0,0.0,1.0,1.0,0.0,0.0,0.0
2066,2066,44.179321503283326,510,0.7896412175833234,BALL IN PLAY,7.0,0.0,0.0,0.0,,4.0,2.0,0.0,1.0,0.0,0.0,0.0,0.0,0.0,0.0,0.0,0.0,0.0,0.0,0.0,0.0,0.0,0.0,0.0
2082,2082,44.642025106516655,526,0.15222176241665866,BALL IN PLAY,1.0,0.0,0.0,1.0,RD - Middle,0.0,0.0,0.0,1.0,0.0,0.0,0.0,0.0,0.0,0.0,0.0,0.0,0.0,0.0,0.0,0.0,1.0,0.0,0.0
2091,2091,46.2141025838,535,0.9730805620833394,BALL IN PLAY,6.0,0.0,0.0,0.0,,3.0,2.0,0.0,1.0,0.0,0.0,0.0,0.0,0.0,0.0,2.0,0.0,1.0,2.0,0.0,0.0,0.0,0.0,0.0
2123,2123,47.40030623466667,567,0.3242712357333204,BALL IN PLAY,1.0,0.0,0.0,1.0,RD - Far,0.0,0.0,1.0,0.0,0.0,0.0,0.0,1.0,1.0,0.0,1.0,0.0,0.0,0.0,0.0,0.0,0.0,0.0,0.0
2135,2135,48.00845534148335,579,0.3950448669833264,BALL IN PLAY,0.0,0.0,0.0,0.0,,0.0,0.0,0.0,0.0,0.0,0.0,0.0,0.0,0.0,0.0,0.0,0.0,0.0,0.0,1.0,0.0,0.0,0.0,0.0
2145,2145,49.328659745616655,589,0.9133683444666616,BALL IN PLAY,7.0,0.0,0.0,0.0,,5.0,2.0,0.0,0.0,0.0,0.0,0.0,0.0,0.0,0.0,0.0,0.0,0.0,0.0,0.0,0.0,0.0,0.0,0.0
2166,2166,52.31210428935003,610,1.5605930761333298,BALL IN PLAY,9.0,0.0,0.0,1.0,RD - Far,5.0,1.0,3.0,0.0,0.0,0.0,0.0,1.0,1.0,0.0,2.0,0.0,1.0,2.0,0.0,0.0,0.0,0.0,0.0
2197,2197,53.18677342078337,641,0.8546933244166723,BALL IN PLAY,4.0,0.0,0.0,0.0,,2.0,1.0,1.0,0.0,0.0,0.0,0.0,0.0,0.0,0.0,0.0,0.0,0.0,0.0,0.0,1.0,0.0,0.0,0.0
2214,2214,54.36449635418333,658,0.3346887696333169,BALL IN PLAY,1.0,0.0,0.0,1.0,RD - RUCK,0.0,1.0,0.0,0.0,0.0,0.0,0.0,0.0,0.0,0.0,0.0,0.0,0.0,0.0,0.0,0.0,1.0,0.0,0.0
2225,2225,55.84593216226666,669,0.9351093304333348,BALL IN PLAY,4.0,0.0,0.0,0.0,,0.0,0.0,1.0,3.0,0.0,0.0,0.0,0.0,0.0,0.0,2.0,0.0,0.0,1.0,0.0,0.0,0.0,0.0,0.0
2243,2243,56.244779165566676,687,0.14185430026667234,BALL IN PLAY,1.0,0.0,0.0,0.0,,1.0,0.0,0.0,0.0,0.0,0.0,0.0,0.0,0.0,0.0,1.0,0.0,0.0,0.0,0.0,0.0,0.0,0.0,0.0
2254,2254,57.88818403329998,698,0.626701661200002,BALL IN PLAY,4.0,0.0,0.0,0.0,,3.0,0.0,1.0,0.0,0.0,0.0,0.0,0.0,0.0,0.0,2.0,0.0,0.0,1.0,0.0,0.0,0.0,0.0,0.0
2271,2271,59.324360956066634,715,0.7987326293499848,BALL IN PLAY,5.0,0.0,0.0,1.0,From Lineout Short,3.0,0.0,2.0,0.0,0.0,0.0,0.0,1.0,1.0,0.0,0.0,0.0,0.0,0.0,0.0,0.0,0.0,0.0,0.0
2288,2288,60.20800308192833,732,0.2883054432833489,BALL IN PLAY,2.0,0.0,0.0,0.0,,2.0,0.0,0.0,0.0,0.0,0.0,0.0,0.0,0.0,0.0,1.0,0.0,1.0,0.0,1.0,1.0,0.0,0.0,0.0
2294,2294,61.438670487544975,738,1.2133749806666714,BALL IN PLAY,6.0,0.0,0.0,1.0,RD - Near,4.0,0.0,1.0,1.0,0.0,0.0,0.0,0.0,0.0,0.0,0.0,0.0,0.0,0.0,1.0,1.0,0.0,0.0,0.0
2311,2311,62.12136104486167,755,0.2933723156666872,BALL IN PLAY,0.0,0.0,0.0,0.0,,0.0,0.0,0.0,0.0,0.0,0.0,0.0,0.0,0.0,0.0,0.0,0.0,0.0,0.0,0.0,0.0,1.0,0.0,0.0
2319,2319,62.97271921541167,763,0.5704004775499811,BALL IN PLAY,2.0,0.0,0.0,0.0,,1.0,0.0,1.0,0.0,0.0,0.0,0.0,0.0,0.0,0.0,2.0,0.0,0.0,1.0,0.0,0.0,0.0,0.0,0.0
2331,2331,63.904081910861684,775,0.6893395623333305,BALL IN PLAY,3.0,0.0,0.0,1.0,From Turnover,1.0,0.0,1.0,1.0,0.0,0.0,0.0,2.0,2.0,0.0,1.0,0.0,0.0,1.0,0.0,0.0,1.0,0.0,0.0
2358,2358,65.58362496002833,802,1.3311071147833218,BALL IN PLAY,10.0,0.0,0.0,2.0,RD - Middle,7.0,0.0,1.0,2.0,0.0,0.0,0.0,0.0,0.0,0.0,0.0,0.0,0.0,0.0,0.0,0.0,1.0,0.0,0.0
